,retweet_count,track_name
0,0,Pandora - Music & Radio
1,0,"Shazam - Discover music, artists, videos & lyrics"
2,0,Cleartune - Chromatic Tuner
3,0,TouchOSC
4,0,iHeartRadio – Free Music & Radio Stations
5,0,Deezer - Listen to your Favorite Music & Playlists
6,0,Sonos Controller
7,0,iReal Pro - Music Book & Play Along
8,0,NRJ Radio
9,0,Tempo - Metronome with Setlists
10,0,radio.de - Der Radioplayer
11,0,I Am T-Pain 2.0
12,0,TuneIn Radio Pro - MLB Audiobooks Podcasts Music
13,0,Spotify Music
14,0,SoundCloud - Music & Audio
15,0,Shazam Encore
16,0,Sing Karaoke Songs Unlimited with StarMaker
17,0,SoundHound Song Search & Music Player
18,0,Tabs & Chords by Ultimate Guitar - learn and play
19,0,forScore
20,0,Ringtones for iPhone & Ringtone Maker
21,0,"Ringtone Designer Pro - Create Unlimited Ringtones, Text Tones, Email Alerts, and More!"
22,0,Guitar Pro
23,0,Coach Guitar - Lessons & Easy Tabs For Beginners
24,0,QQ音乐-来这里“发现・音乐”
25,0,TuneIn Radio - MLB NBA Audiobooks Podcasts Music
26,0,Magic Piano by Smule
27,0,QQ音乐HD
28,0,FL Studio Mobile
29,0,The Singing Machine Mobile Karaoke App
30,0,Tenuto
31,0,"Drum Beats+ (Rhythm Metronome, Loops & Grooves Machine)"
32,0,Loopy HD
33,0,Bandsintown Concerts
34,0,Notion
35,0,PetitLyrics
36,0,edjing Mix:DJ turntable to remix and scratch music
37,0,TonalEnergy Chromatic Tuner and Metronome
38,0,"Guitar Suite - Metronome, Tuner, and Chords Library for Guitar, Bass, Ukulele"
39,0,OnSong
40,0,Smule Sing!
41,0,Amazon Music
42,0,AutoRap by Smule
43,0,My Mixtapez Music
44,0,Certified Mixtapes - Hip Hop Albums & Mixtapes
45,0,Magellan
46,0,Real Metronome Pro
47,0,"Karaoke - Sing Karaoke, Unlimited Songs!"
48,0,UBiO
49,0,Cubasis 2 - Mobile Music Creation System
50,0,Napster - Top Music & Radio
51,0,Musi - Unlimited Music For YouTube
52,0,UE BOOM
53,0,Spinrilla - Mixtapes For Free
54,0,Galileo Organ
55,0,LiveTunes - Live Concert Music Player
56,0,djay 2
57,0,djay 2 for iPhone
58,0,Google Play Music
59,0,Piano - Play Keyboard Music Games with Magic Tiles
60,0,TunesFlow - Music Player with Equalizer
61,0,Bose SoundTouch
62,0,Pimp Your Sound
63,0,Serato Remote Mini
64,0,KORG Gadget
65,0,Drillbook Next Reader
66,0,DatPiff
67,0,MuseScore Songbook - Sheet Music
68,0,Sounds app - Music And Friends
69,0,Disney Karaoke: Frozen
70,0,Smart Music: Streaming Videos and Radio
71,0,Touch Notation
72,0,Free Piano app by Yokee
73,0,Simple Radio - Live AM & FM Radio Stations
74,0,Pyware 3D Viewer
75,0,Trebel Music - Unlimited Music Downloader
76,0,TIDAL
77,0,VOX: FLAC Music Player with MP3 & Equalizer
78,0,Cesium Music Player
79,0,Acapella from PicPlayPost
80,0,KORG Module
81,0,Medly - Music Maker
82,0,Amazon Alexa
83,0,SOUND Canvas
84,0,Music Freedom - Unlimited Free MP3 Music Streaming
85,0,Noizio
86,0,PlayGround • Music At Your Fingertips
87,0,Final Guitar - absolute guitar app
88,0,KORG iM1
89,0,Musical Video Maker - Create Music clips lip sync
90,0,A high resolution music player - NePLAYER
91,0,Free Music Play - Mp3 Streamer & Player
92,0,LiveMixtapes
93,0,Patterning : Drum Machine
94,0,edjing Pro DJ Music Mixer: turntable to remix MP3
95,0,Composer's Sketchpad
96,0,AmpMe - A Portable Social Party Music Speaker
97,0,iMaschine 2
98,0,KORG iDS-10
99,0,NOISE
100,0,Precision Ukulele Tuner - with Chords & Metronome
101,0,YouTube Music
102,0,A high end tuner for all instruments!@Tuner
103,0,Ringtones for iPhone with Ringtone Maker
104,0,Music Memos
105,0,Ringtones for iPhone Unlimited.
106,0,Musicloud Pro - MP3 and FLAC Music Player for Cloud Platforms.
107,0,Musicloud - MP3 and FLAC Music Player for Cloud Platforms.
108,0,Model 15
109,0,Bose Connect
110,0,Cloud Music Player - Downloader & Playlist Manager
111,0,AUM - Audio Mixer
112,0,djay Pro
113,0,Remixlive - Remix loops with pads
114,0,PrestoBand Guitar and Piano
115,0,"Free Music -  Player & Streamer  for Dropbox, OneDrive & Google Drive"
116,0,Boom: Best Equalizer & Magical Surround Sound
117,0,SoundBow
118,0,KQ MiniSynth
119,0,MP3 Music Player & Streamer for Clouds
120,0,Nicki Minaj: The Empire
121,0,SongFlip - Free Music Streamer
122,0,Mersenne Melodic Percussion Synthesizer
123,0,Blocs Wave - Make & Record Music
124,0,DM2 - The Drum Machine
125,0,Music and Chill
126,0,"Theremin Synth - Loop, Record & Download"
127,0,Free Music - MP3 Streamer & Playlist Manager Pro
128,0,BOSS Tuner
129,0,KORG iWAVESTATION
130,0,WeDJ for iPad
131,0,Mini Synthesizer
132,0,Mini Synthesizer for iPhone
133,0,"Cloud Play Pro - Music Player & Streamer for Dropbox, Google Drive, OneDrive, Box and iPod Library"
134,0,Addictive Pro
135,0,Lily - Playful Music Creation
136,0,ARP ODYSSEi
137,0,djay Pro for iPhone
138,0,"Kindle – Read eBooks, Magazines & Textbooks"
139,0,eBook: War and Peace
140,0,OverDrive – Library eBooks and Audiobooks
141,0,iBunkoHD
142,0,"Audible – audio books, original series & podcasts"
143,0,The Legend of Spookley the Square Pumpkin
144,0,It's Tyrannosaurus Rex - Smithsonian Institution
145,0,Jesus Calling Devotional by Sarah Young
146,0,planetarian - Dream of Little Star -
147,0,A Charlie Brown Christmas + iMessage Sticker Pack!
148,0,BookShout: Read eBooks & Track Your Reading Goals
149,0,QQ阅读-拥有海量原著小说的电子书阅读器
150,0,笑ったら負け
151,0,书香云集Pro-小说电子书免费看书读书听书追书无广告阅读器
152,0,Finding Nemo Storybook Deluxe
153,0,"It's The Great Pumpkin, Charlie Brown"
154,0,BookScanner App
155,0,"Alizay, pirate girl"
156,0,Pan Book 1: The Fearless Beribolt
157,0,My Little Pony - A Canterlot Wedding
158,0,GANMA! - 漫画が制限ナシで読み放題のマンガアプリ
159,0,comico/人気オリジナル漫画が毎日更新！/コミコ
160,0,Pan Book 2: Chasing the Keeper
161,0,宜搜小说-亿万网友共享高品质阅读离线追更
162,0,宜搜小说-热门网络书籍看书追更必备神器
163,0,ikouhoushi
164,0,喜马拉雅FM（听书社区）电台有声小说相声英语
165,0,快看漫画
166,0,Dr. Seuss Treasury — 50 best kids books
167,0,The Complete Adventures of Pan (Books 1-7)
168,0,マンガ図書館Z -人気漫画が読み放題！
169,0,My Little Pony: Trick or Treat
170,0,Fragment's Note Memories -Fragment's Note公式資料集アプリ-
171,0,Flewn
172,0,Weirdwood Manor
173,0,Transformers Rescue Bots: Dino Island
174,0,pixivコミック - みんなのマンガアプリ
175,0,Green Riding Hood
176,0,恋愛消滅ボタン ~ 無料 泣ける恋愛小説 放置ゲーム ~
177,0,キスまでにしたい10のこと ~ 無料 胸きゅん恋愛小説 放置げーむ ~
178,0,The Cat in the Hat - Read & Learn - Dr. Seuss
179,0,Green Eggs and Ham - Read & Learn - Dr. Seuss
180,0,Dr. Seuss's ABC - Read & Learn - Dr. Seuss
181,0,How the Grinch Stole Christmas! - Read & Play
182,0,Transformers Rescue Bots: Save Griffin Rock
183,0,HOOKED - Chat Stories
184,0,Color Therapy Adult Coloring Book for Adults
185,0,謎解き母からのメモ
186,0,Little Fox Animal Doctor - be a vet
187,0,Batman Unlimited: Gotham City’s Most Wanted
188,0,【謎解き】罪と罰-ノベルゲーム型 推理アドベンチャー
189,0,都市异能小说-全本经典有声小说听书阅读神器
190,0,スッキリ謎解きゲーム！！
191,0,Rudolph the Red-Nosed Reindeer - Read & Play
192,0,CHOMP by Christoph Niemann
193,0,ScaryStory in Japan 怖い話し無料
194,0,マンガきゅんと‐漫画が全話読み放題の少女まんがアプリ
195,0,MangaTiara - love comic reader
196,0,MangaZERO - comic reader
197,0,俺が浮気した時の話、聞く？ 男女の修羅場の話まとめ
198,0,单读-我们的黄金时代
199,0,Mr. Potato Head: School Rush
200,0,謎解き ジェスチャーゲーム - 何してる？
201,0,The Lorax - Read & Play - Dr. Seuss
202,0,快读免费小说-最热网络小说追书神器全本下载阅读器
203,0,"Oh, the Places You'll Go! - Read & Play - Dr. Seuss"
204,0,ジェスチャー当て
205,0,謎解き2016
206,0,【謎解き】ヤミすぎ彼女からのメッセージ
207,0,謎解きロッカーの忘れ物
208,0,絶対に笑える話　腹筋崩壊の笑える話
209,0,謎解き窓ガラスの跡
210,0,マンガモンスター 　無料マンガ/無料本/人気マンガ
211,0,謎解きあの人からメール
212,0,【難問謎解き】ねこ神様はクイズ好き？
213,0,ナニワ金融道　全巻無料のマンガアプリ
214,0,謎解き赤い封筒
215,0,謎解き
216,0,銀魂 公式連載アプリ〜銀魂の漫画が毎週１巻読めるアプリ〜
217,0,謎トレ 謎解き脳トレーニング
218,0,【謎解き】自称カノジョからの病みすぎメッセージ
219,0,おかんからのメッセ - ほのぼの謎解きゲーム
220,0,Horror Story 2016　こわい話
221,0,心がラクになる後ろ向き名言100選
222,0,お解きなさい！
223,0,One Fish Two Fish Red Fish Blue Fish - Read & Learn - Dr. Seuss
224,0,Horton Hears a Who! - Read & Play - Dr. Seuss
225,0,Pan Book 3: Key to the Capitol
226,0,新・血液型テスト
227,0,Pan Book 4: Capitol Rising
228,0,Pan Book 5: The Shadow Stone
229,0,Pan Book 6: The Alliance of Tribes
230,0,Pan Book 7: Han Awakening
231,0,欢乐颂合集—刘涛、蒋欣等主演电视剧同名原著
232,0,The interactive Legend of Sleepy Hollow: iIrving
233,0,Snot & Fluff - A Space Adventure
234,0,罪と罰2 -犯人は誰だ!?- 謎解き推理ミステリーサスペンス
235,0,式姫４コマ 其之四
236,0,BLEACH 公式連載アプリ〜BLEACHの漫画が毎週１巻読めるアプリ〜
237,0,謎解き[緋色探偵社と100の推理]メッセージアプリ風ノベルゲーム
238,0,【謎解き推理】意味が分かると怖い話-この怖い話を謎解き、怪談を読み解けるか…
239,0,意味が分かると怖い話-この意味怖を謎解きできるか…【謎解き意味怖】
240,0,意味が分かると怖い話【意味怖】-この怖い話の意味が分かるか…
241,0,Fox Tales - Story Book for Kids
242,0,こち亀 公式連載アプリ〜こち亀の漫画が読めるアプリ〜
243,0,【殺人現場へようこそ】推理サスペンス劇場/謎解き大人の脳トレゲーム
244,0,アウト～まさか浮気してないよね？～【恋愛不倫探しゲーム】
245,0,意味が分かると怖い話-この怖い話の意味分かる？【意味怖】
246,0,【意味笑】意味が分かると面白い話-謎解き2ch系推理ゲーム
247,0,Advent Magnificat Companion 2016
248,0,死亡フラグがたちました！！【ノベルゲーム型あるある謎解きアドベンチャー】
249,0,东方头条（探索版）订阅分享感兴趣的新闻和搞笑视频
